MItchell,skhdfkshgdkfhskjdhf,TB-4017,N27986
mitchell,ishdfhgsdfjhg :),TB-4017,X23571
afjasdghfjhsdgf,shdgfysgf,SL-9465,S54979
I love coding :),Njshdf,TB-4017,Q81432
asdas,dasda,TB-4017,Z8225
asd,asd,SL-9465,J7481
aSfdas,adsgfasdf,SL-2797,D64954
Mitch hell,French,TB-4017,B61696
Natasha,Dutch,TB-4017,L93958
afjasdghfjhsdgf,shdgfysgf,SL-9465,M93216
I love coding :),Njshdf,TB-4017,B6283
asdas,dasda,TB-4017,O11315
asd,asd,SL-9465,A8259
Garth,Canadian,SL-2797,F42101
Mitch,asijshdkhjagsdkhjansdadfsadf,TB-4645,B29171
